case_id,question_en,question_nl,context,reference_answer_en,reference_answer_nl,expected_answer_points,should_not_include,source_basis
EXISTING_001,Why is my electricity use suddenly higher at night than before?,Waarom is mijn elektriciteitsverbruik 's nachts plotseling hoger dan voorheen?,Electricity use between 00:00–05:00 has been above this home's normal baseline for the past 7 days.,"Your night-time use is higher than your own earlier pattern for this home. This often points to something running overnight that wasn't before — a boiler, a charging device, or an appliance no longer going to standby. The system can't identify the exact cause from data alone, so a useful first step is to think about whether anything changed at home around the time the higher readings started.","Uw nachtelijk verbruik is hoger dan uw eigen eerdere patroon voor deze woning. Dit wijst er vaak op dat er iets 's nachts actief is wat eerder niet was — een boiler, een laadapparaat of een apparaat dat niet meer naar stand-by gaat. Het systeem kan de exacte oorzaak niet vaststellen op basis van data alleen, dus een nuttige eerste stap is na te gaan of er rond het moment van de hogere metingen iets is veranderd thuis.",mentions comparison with home's earlier night baseline; explains possible always-on or changed appliance; states data cannot identify exact device; suggests checking changes around start date,certain diagnosis of one appliance; alarmist wording; repair instructions; exact cost guarantee,existing QA example
EXISTING_002,Why is my electricity usage higher this month than last month?,Waarom is mijn elektriciteitsverbruik deze maand hoger dan vorige maand?,Monthly total has increased compared to the previous month,"This month you used [X] kWh, compared to [Y] kWh last month. Looking at your usage pattern, most of the extra consumption is happening in the [morning/afternoon/evening]. This could be due to colder weather, more people at home, or simply using certain appliances more often. Do you know what you are typically doing at that time?","Deze maand heeft u [X] kWh verbruikt, vergeleken met [Y] kWh vorige maand. Als we naar uw verbruikspatroon kijken, is het grootste deel van het extra verbruik te zien in de [ochtend/middag/avond]. Dit kan komen door kouder weer, meer mensen thuis, of het vaker gebruiken van bepaalde apparaten. Weet u wat u op dat moment meestal doet?",mentions current month vs previous month; suggests looking for days or time blocks causing increase; explains possible routine or weather influence; suggests checking graph by day,definitive billing conclusion; blaming resident; exact cost guarantee; unsupported causal claim,existing QA example
EXISTING_003,Why does my energy pattern look different in winter than in summer?,Waarom ziet mijn energiepatroon er in de winter anders uit dan in de zomer?,User notices a visible difference in their energy data between warm and cold months.,"Seasonal differences are normal and expected. In winter, heating runs more often and solar production is lower due to shorter days; in summer the reverse is typical. Comparing the same month across different years gives a more useful picture than comparing winter directly to summer.",Seizoensverschillen zijn normaal en te verwachten. In de winter draait de verwarming vaker en is de zonproductie lager door kortere dagen; in de zomer is het omgekeerde typisch. Het vergelijken van dezelfde maand over verschillende jaren geeft een nuttiger beeld dan winter direct met zomer vergelijken.,explains seasonal differences; mentions heating and hot water in winter; mentions solar/daylight difference if relevant; normalizes pattern without ignoring anomalies,claiming all winter increases are normal; legal/billing advice; medical advice; exact device diagnosis,existing QA example
EXISTING_004,Why does my heat pump use energy even when I have not turned on the heating?,Waarom verbruikt mijn warmtepomp energie ook als ik de verwarming niet heb aangezet?,Heat pump shows consumption during periods when the user believes heating is inactive.,Heat pumps work differently from traditional boilers — they run continuously at low power to maintain a steady indoor temperature rather than switching on and off on demand. They may also run occasional defrost cycles on cold days. This background activity is normal and is actually how the system operates most efficiently; running it at a steady setting uses less energy overall than switching it off and reheating from cold.,Warmtepompen werken anders dan traditionele cv-ketels — ze draaien continu op laag vermogen om een stabiele binnentemperatuur te handhaven in plaats van aan en uit te schakelen op aanvraag. Ze voeren ook af en toe ontdooicycli uit op koude dagen. Deze achtergrondactiviteit is normaal en is eigenlijk hoe het systeem het meest efficiënt werkt; op een constante instelling draaien verbruikt totaal minder energie dan hem uitschakelen en de woning vanuit de kou opnieuw opwarmen.,explains heat pumps can run continuously at low power; contrasts with traditional boilers; links use to hot water or temperature maintenance; suggests checking whether pattern is steady or rising,telling user to repair heat pump; certainty that nothing is wrong; installer-level settings; unsafe technical steps,existing QA example
EXISTING_005,Why does my balanced ventilation system seem to run all the time?,Waarom lijkt mijn gebalanceerde ventilatiesysteem de hele tijd te draaien?,User notices ventilation running continuously and wonders if this is normal.,"Balanced ventilation is designed to run continuously — this is intentional. It simultaneously brings in fresh air and extracts stale air, recovering heat from the outgoing air to keep your home efficient. Turning it off or opening windows disrupts this balance and can reduce energy savings, so continuous operation is correct behaviour.","Gebalanceerde ventilatie is ontworpen om continu te draaien — dit is opzettelijk. Het brengt tegelijkertijd verse lucht naar binnen en voert verbruikte lucht naar buiten, waarbij warmte wordt teruggewonnen om uw woning efficiënt te houden. Het uitschakelen of ramen openen verstoort dit evenwicht en kan energiebesparing verminderen, dus continu gebruik is correct gedrag.",explains balanced ventilation is designed to run continuously; links ventilation to air quality and moisture; mentions low steady electricity use can be normal; suggests checking for unusual spikes,advising user to switch off ventilation; medical claims; repair instructions; certainty without data,existing QA example
EXISTING_006,What does it mean for my energy bill if my consumption is above the EPV bundle?,Wat betekent het voor mijn energierekening als mijn verbruik boven de EPV-bundel ligt?,Household consumption has exceeded the EPV bundle threshold this month.,"The EPV bundle sets the maximum household energy use expected under your agreement. Consistently exceeding it over multiple months can affect the EPV contribution your housing provider receives, which may result in a financial correction for you. The most practical ways to stay within the bundle are running high-energy appliances during solar production hours and keeping the heating at a steady moderate temperature.","De EPV-bundel stelt het maximale huishoudelijk energieverbruik in dat verwacht wordt onder uw overeenkomst. Het consistent overschrijden ervan over meerdere maanden kan de EPV-bijdrage beïnvloeden die uw woningaanbieder ontvangt, wat kan resulteren in een financiële correctie voor u. De meest praktische manieren om binnen de bundel te blijven zijn het draaien van energieverslindende apparaten tijdens de zonne-uren en de verwarming op een stabiele, gematigde temperatuur houden.",explains EPV bundle as expected energy-use boundary; mentions app data can show quantity not final bill; redirects contract/billing interpretation to housing provider or agreement; avoids definitive costs,legal advice; compensation decision; exact bill prediction; guarantee about EPV outcome,existing QA example
EXISTING_007,Why is my energy bill higher than I expected given what the app shows?,Waarom is mijn energierekening hoger dan ik verwachtte op basis van wat de app laat zien?,User sees a gap between app data and actual costs on their invoice.,"The app shows energy quantities — kilowatt-hours and solar production — but your bill also includes network costs, fixed supply fees, and taxes that are not visible in the monitoring data. For a precise cost breakdown, your energy bill or supplier's statement is the right source. If the gap seems larger than expected, it's worth checking whether your tariff has changed recently.","De app toont energiehoeveelheden — kilowattuur en zonproductie — maar uw rekening bevat ook netwerkkosten, vaste leveringskosten en belastingen die niet zichtbaar zijn in de monitoringgegevens. Voor een nauwkeurige kostenverdeling is uw energierekening of de specificatie van uw leverancier de juiste bron. Als het verschil groter lijkt dan verwacht, is het de moeite waard om te controleren of uw tarief recentelijk is gewijzigd.",distinguishes energy quantities from invoice costs; mentions tariffs/taxes/fixed charges/supplier corrections; explains app can help compare kWh; redirects final bill questions to supplier,definitive billing advice; accusations of billing error; exact tariff advice; legal advice,existing QA example
EXISTING_008,Is my energy use normal compared to similar homes?,Is mijn energieverbruik normaal vergeleken met vergelijkbare woningen?,User wants to know whether their consumption is in line with what is typical.,"Your home used [X] kWh this month, compared to an average of [Y] kWh for similar homes in your area. Keep in mind this is a broad reference — households differ in occupancy and daily routines, which affect usage significantly. If the gap is large and consistent, it can be a useful prompt to look at which systems are running most and whether any small adjustments might help.","Uw woning heeft deze maand [X] kWh verbruikt, vergeleken met gemiddeld [Y] kWh voor vergelijkbare woningen in uw omgeving. Houd er rekening mee dat dit een brede referentie is — huishoudens verschillen in bezetting en dagelijkse routines, die het verbruik aanzienlijk beïnvloeden. Als het verschil groot en consistent is, kan het een nuttige aanleiding zijn om te kijken welke systemen het meest draaien en of kleine aanpassingen kunnen helpen","mentions comparison with similar homes if available; explains differences can come from household size, routines, orientation or weather; states comparison is indicative; suggests checking main time periods",ranking or shaming resident; exact normality claim without context; personal assumptions; privacy-invasive comparison,existing QA example
EXISTING_009,Why are my solar panels producing less than similar homes nearby?,Waarom produceren mijn zonnepanelen minder dan vergelijkbare woningen in de buurt?,Benchmarking shows this home's solar production is below the reference group under similar weather.,"Your panels produced [X] kWh this month, compared to an average of [Y] kWh for similar homes nearby under the same weather conditions. When comparable homes are producing more, the difference is likely home-specific rather than weather-related. Common causes are panel orientation, partial shading from a nearby tree or structure, or accumulated dust on the panels.","Uw panelen hebben deze maand [X] kWh geproduceerd, vergeleken met gemiddeld [Y] kWh voor vergelijkbare woningen in de buurt onder dezelfde weersomstandigheden. Als vergelijkbare woningen meer produceren, is het verschil waarschijnlijk woningspecifiek in plaats van weergerelateerd. Veel voorkomende oorzaken zijn paneeloriëntatie, gedeeltelijke beschaduwing door een nabijgelegen boom of structuur, of opgehoopt stof op de panelen","mentions lower production versus reference group; lists weather, shading, orientation or data gaps as possible factors; suggests checking sunny-day pattern; avoids diagnosing panel fault",claiming panels are broken; repair instructions; compensation advice; exact yield guarantee,existing QA example
EXISTING_010,Why is the system showing consumption even when I am not actively using appliances?,Waarom toont het systeem verbruik terwijl ik geen apparaten actief gebruik?,User observes a persistent baseline consumption even when the household appears inactive.,Every home has a baseline consumption from devices that are always on — like the fridge or television. This is normal. A simple way to reduce this is to switch devices off at the plug rather than leaving them on standby.,Elke woning heeft een basisverbruik van apparaten die altijd aan zijn — zoals de koelkast of televisie. Dit is normaal. Een eenvoudige manier om dit te verminderen is apparaten uit te schakelen aan het stopcontact in plaats van ze op stand-by te laten staan.,explains base load/standby use; gives simple examples of always-on devices; suggests checking night-time baseline; avoids identifying exact device from aggregate data,certain device identification; invasive behaviour tracking; unsafe unplugging instructions; blame,existing QA example
EXISTING_011,"Why does the app show different bundle thresholds for solar, household use, and heating?","Waarom toont de app verschillende bundeldrempels voor opwekking, huishoudelijk gebruik en verwarming?",User is confused by the multiple bundle categories in the EPV overview.,"The EPV scheme sets separate expectations for each energy type — solar generation, household electricity, and heating — because they each play a different role in your home's overall energy balance. Tracking them separately lets you and your housing provider see clearly where your home stands. For questions about how the thresholds apply to your specific agreement, your housing provider is the right contact.","Het EPV-schema stelt afzonderlijke verwachtingen voor elk energietype — zonopwekking, huishoudelijke elektriciteit en verwarming — omdat ze elk een andere rol spelen in de algehele energiebalans van uw woning. Ze afzonderlijk bijhouden stelt u en uw woningaanbieder in staat duidelijk te zien waar uw woning staat. Voor vragen over hoe de drempels van toepassing zijn op uw specifieke overeenkomst is uw woningaanbieder het juiste contact.","explains separate EPV categories; distinguishes solar generation, household use and building-related use; explains thresholds are not interchangeable; suggests viewing the relevant category trend",legal interpretation of EPV contract; definitive compensation advice; mixing categories incorrectly; exact bill guarantee,existing QA example
EXISTING_012,Why is there no solar generation showing in the app?,Waarom zijn er geen zonnepaneel­gegevens zichtbaar in de app?,"All data, not only solar, has been absent for more than 48 hours during daylight hours.","It looks like no information is coming through at the moment, which usually means your gateway — the small device in your home that measures your energy — isn't connected. Don't worry, this doesn't mean your solar panels aren't working. Have you tried turning the gateway off and back on again? Would you like help with that?","Het lijkt erop dat er momenteel geen informatie binnenkomt, wat meestal betekent dat uw gateway — het kleine apparaatje in uw woning dat uw energie meet — niet verbonden is. Geen zorgen, dit betekent niet dat uw zonnepanelen niet werken. Heeft u al geprobeerd de gateway uit en weer aan te zetten? Wilt u hier hulp bij?",mentions missing data across more than solar; explains monitoring/gateway/data transmission possibility; states app data may be incomplete; redirects persistent issue to BeNext or housing provider support,installer-level troubleshooting; claiming panels are broken; step-by-step repair; security speculation,existing QA example
EXISTING_013,My energy bill is higher than expected this month,Mijn energierekening is hoger dan verwacht deze maand.,Monthly energy bill total has increased compared to the previous month,"There are several reasons your bill could be higher this month, such as colder weather or more people at home. Looking at your usage, your peak consumption is around [time] — does that match a moment when you are using more appliances than usual? Would you like some tips on how to save energy?","Er zijn verschillende redenen waarom uw rekening deze maand hoger kan zijn, zoals kouder weer of meer mensen thuis. Als we naar uw verbruik kijken, is uw piekverbruik rond [tijdstip] — komt dat overeen met een moment waarop u meer apparaten gebruikt dan normaal? Wilt u wat tips om energie te besparen?",mentions multiple possible reasons for higher bill; separates kWh from prices; suggests comparing consumption with previous period; redirects invoice-specific details to supplier,definitive bill diagnosis; tariff recommendation; compensation claim; unsupported exact costs,existing QA example
EXISTING_014,The net-metering scheme is being phased out. How will this affect me?,De salderingsregeling wordt afgebouwd. Hoe beïnvloedt dit mij?,User has heard about changes to the Dutch net-metering scheme and asks for guidance.,"The Dutch net-metering scheme is set to stop from 1 January 2027, so exported solar electricity will no longer be offset against imported electricity in the same way. Your monitoring data can still help you see how much solar energy you use directly versus feed back to the grid. For contract-specific effects, tariffs, or exact bill changes, please check your energy supplier or official information.","De Nederlandse salderingsregeling stopt naar verwachting per 1 januari 2027, waardoor teruggeleverde zonnestroom niet meer op dezelfde manier wordt weggestreept tegen afgenomen stroom. De monitoringdata kan nog steeds helpen om te zien hoeveel zonnestroom u direct zelf gebruikt en hoeveel u teruglevert. Voor gevolgen voor uw contract, tarieven of exacte rekening kunt u het beste uw energieleverancier of officiële informatie raadplegen.",explains saldering change at a high level; links effect to timing of self-consumption and export; says app can show production/use timing; redirects contract-specific impact to supplier/official information,financial advice; exact future bill prediction; legal advice; unsupported policy details,existing QA example
EXISTING_015,My solar production was lower than the EPV bundle this month. Will I face extra costs?,Mijn zonproductie was deze maand lager dan de EPV-bundel. Krijg ik extra kosten?,Solar generation fell short of the EPV bundle threshold this month.,"A single month below the expected bundle doesn't automatically lead to extra costs — EPV performance is typically assessed over longer periods and occasional weather variation is normal. However, if production is consistently below the bundle over many months, it can affect the EPV assessment. Your housing provider is the right contact for any specific financial implications under your agreement.","Één maand onder de verwachte bundel leidt niet automatisch tot extra kosten — EPV-prestaties worden doorgaans beoordeeld over langere perioden en incidentele weervariatie is normaal. Als de productie echter consistent onder de bundel blijft over vele maanden, kan dit de EPV-beoordeling beïnvloeden. Uw woningaanbieder is het juiste contact voor eventuele specifieke financiële gevolgen onder uw overeenkomst.",explains one month below solar bundle is not automatically a cost outcome; mentions annual/period context may matter; suggests comparing trend across months; redirects EPV consequences to agreement/housing provider,definitive compensation or penalty advice; legal interpretation; blaming panels; exact cost guarantee,existing QA example
EXISTING_016,How can I make better use of my solar energy to reduce what I draw from the grid?,Hoe kan ik mijn zonne-energie beter benutten om minder stroom van het net te verbruiken?,User's self-consumption ratio is low — solar energy is predominantly being fed back to the grid.,"The key is shifting high-consumption activities — dishwasher, washing machine, tumble dryer — to late morning or early afternoon when your panels are producing most: when the sun is shining. If your hot-water boiler has a timer, setting it to heat during midday solar hours is another practical option. These changes require no new equipment and directly reduce how much you draw from the grid.","De sleutel is het verschuiven van activiteiten met hoog verbruik — vaatwasser, wasmachine, droger — naar de late ochtend of vroege middag wanneer uw panelen het meest produceren: wanneer de schon schijnt. Als uw warmwaterboiler een timer heeft, is het instellen om te verwarmen tijdens de zonne-uren op het middaguur een andere praktische optie. Deze veranderingen vereisen geen nieuwe apparatuur en verminderen direct hoeveel u van het net afneemt.",explains self-consumption; suggests shifting flexible loads to sunny hours; mentions dishwasher/washing machine as examples; avoids tariff-specific guarantee,investment advice; guarantee of savings; advising unsafe appliance use; energy supplier tariff advice,existing QA example
NEW_001,Why do I see a big electricity peak every second Sunday?,Waarom zie ik elke tweede zondag zo'n grote stroompiek?,Household electricity use shows a recurring peak every second Sunday afternoon; no similar peak appears on other Sundays.,"I see the peak comes back every second Sunday afternoon. That usually points to something that happens regularly at home, such as laundry, drying, cleaning, or charging, rather than one random fault. Does that fit something you often do on those Sundays? Tip: if possible, spread heavy appliances over the day or run them during sunny hours.","Ik zie dat de piek elke tweede zondagmiddag terugkomt. Dat wijst meestal op iets dat regelmatig thuis gebeurt, zoals wassen, drogen, schoonmaken of opladen, en niet meteen op een willekeurige storing. Past dat bij iets dat u op die zondagen vaak doet? Tip: spreid zware apparaten waar mogelijk over de dag of gebruik ze tijdens zonnige uren.",mentions recurring timing; gives simple household examples; asks a simple reflection question; includes spreading/sunny-hours tip,naming a specific private activity; blaming resident; exact appliance diagnosis; repair instructions,real-life use-case inspired
NEW_002,"My electricity use is high, but I don't see any big peaks. What does that mean?","Mijn stroomverbruik is hoog, maar ik zie geen duidelijke pieken. Wat betekent dat?","Daily graphs show no large short peaks, but the night-time baseline is consistently around [X] W higher than similar previous weeks.","I do not see one big peak; the extra use looks steady over many hours, especially at night. That often means base load: things that stay on, such as a fridge, ventilation, modem, pump, or standby devices. Did anything new stay plugged in around the time this started? Tip: switch off standby devices you do not need, but keep important systems such as ventilation and fridge/freezer on.","Ik zie geen grote piek; het extra verbruik lijkt juist veel uren door te lopen, vooral 's nachts. Dat noemen we vaak basisverbruik: apparaten die aan blijven, zoals koelkast, ventilatie, modem, pomp of stand-by apparaten. Is er rond het begin van dit patroon iets nieuws aangesloten gebleven? Tip: zet stand-by apparaten uit die u niet nodig heeft, maar laat belangrijke systemen zoals ventilatie en koelkast/vriezer aan.",explains steady always-on use instead of peaks; gives simple examples; asks resident to connect pattern to changes at home; includes safe standby tip,certainty about exact device; intrusive behaviour assumptions; unsafe unplugging advice; billing guarantee,real-life use-case inspired
NEW_003,Why is my heat pump using most energy in the morning and evening?,Waarom verbruikt mijn warmtepomp vooral 's ochtends en 's avonds veel stroom?,Heat pump electricity use is highest between 06:00–08:30 and 18:00–21:00; hot water use also increases in those periods.,"The pattern is highest in the morning and evening. That fits moments when the home often needs heat or hot water, for example around showers, washing up, or turning the thermostat up. Does that match your routine at those times? Tip: a heat pump usually uses less energy with a steady temperature than with big changes.","Het patroon is het hoogst in de ochtend en avond. Dat past bij momenten waarop de woning vaak warmte of warm water nodig heeft, bijvoorbeeld rond douchen, afwassen of de thermostaat hoger zetten. Past dat bij uw routine op die momenten? Tip: een warmtepomp verbruikt meestal minder energie bij een constante temperatuur dan bij grote schommelingen.",presents morning/evening pattern; links to heat or hot water in simple terms; asks routine reflection; includes steady-temperature tip,claiming exact shower behaviour; medical advice; telling user to change installer settings; blame,real-life use-case inspired
NEW_004,Why does my heat pump spike after I turn the thermostat back up in the morning?,Waarom piekt mijn warmtepomp nadat ik de thermostaat 's ochtends weer hoger zet?,Indoor temperature is lowered overnight from 21°C to 18.5°C; heat pump electricity use rises sharply between 06:00 and 08:00.,"The morning spike fits the moment when the thermostat is turned back up. A heat pump often works best with small, steady temperature changes; a big night drop can make it work harder in the morning. Tip: try a smaller night drop for a few days, if that is comfortable, and see whether the morning peak becomes lower.","De ochtendpiek past bij het moment waarop de thermostaat weer hoger wordt gezet. Een warmtepomp werkt vaak het beste met kleine, gelijkmatige temperatuurveranderingen; een grote nachtverlaging kan ervoor zorgen dat hij 's ochtends harder moet werken. Tip: probeer een paar dagen een kleinere nachtverlaging, als dat comfortabel is, en kijk of de ochtendpiek lager wordt.",links thermostat increase to morning spike; explains steady heat pump use simply; gives one practical thermostat tip; respects comfort,ordering exact thermostat setting; repair steps; legal/billing advice; guarantee of savings,real-life use-case inspired
NEW_005,Could my high heat pump use be connected to keeping the house at 23°C?,Kan mijn hoge warmtepompverbruik komen doordat ik de woning op 23°C houd?,Heat pump electricity use is above the reference range; indoor setpoint is 23°C for most of the day; outside temperature is mild.,"Yes, 23°C can make the heat pump work harder, even when it is not very cold outside. The higher the indoor temperature, the more heat the home has to keep. If it is comfortable for you, try lowering it by 1°C and keep it steady for a few days. Does the home still feel comfortable?","Ja, 23°C kan ervoor zorgen dat de warmtepomp harder werkt, ook als het buiten niet heel koud is. Hoe hoger de temperatuur binnen, hoe meer warmte de woning moet vasthouden. Als het voor u comfortabel is, probeer de temperatuur dan een paar dagen 1°C lager en houd die stabiel. Voelt de woning dan nog steeds prettig?",mentions high indoor temperature effect in simple terms; avoids single-cause certainty; gives one low-risk saving tip; asks comfort reflection,telling user what temperature they must use; medical/comfort judgment; exact cost promise; installer troubleshooting,real-life use-case inspired
NEW_006,Why am I feeding so much solar power back to the grid?,Waarom lever ik zoveel zonnestroom terug aan het net?,"Annual solar export is [X] kWh, while daytime household consumption is low during high-production hours.","Your panels often make more electricity than the home uses at that moment. That is why extra solar power goes back to the grid; it does not mean the panels are doing something wrong. Are the washing machine, dishwasher, or dryer mostly used later in the day? Tip: run one flexible appliance during sunny hours when possible.","Uw panelen maken vaak meer stroom dan de woning op dat moment gebruikt. Daarom gaat de extra zonnestroom terug naar het net; dat betekent niet dat de panelen iets verkeerd doen. Gebruikt u de wasmachine, vaatwasser of droger vooral later op de dag? Tip: zet waar mogelijk één flexibel apparaat aan tijdens zonnige uren.",explains export as surplus solar power; avoids fault assumption; asks simple timing reflection; includes sunny-hours appliance tip,energy supplier tariff advice; inverter-limiting instructions; investment advice; guaranteed savings,real-life use-case inspired
NEW_007,Why does my heat pump start when the ventilation system is bringing in cooler air?,Waarom gaat mijn warmtepomp aan als de ventilatie koelere lucht binnenbrengt?,Heat pump electricity rises after WTW/balanced ventilation bypass periods; indoor temperature setting remains unchanged.,"The heat pump may work harder when cooler fresh air comes in or when heat is lost from the home. This does not automatically mean something is broken. Does it happen when the ventilation is on a higher setting or when windows are open? If comfort is poor or the high use continues, contact the housing provider or installer responsible for the system.",De warmtepomp kan harder werken als er koelere verse lucht binnenkomt of als de woning warmte verliest. Dat betekent niet automatisch dat er iets kapot is. Gebeurt dit vooral wanneer de ventilatie op een hogere stand staat of wanneer ramen openstaan? Neem contact op met de woningcorporatie of verantwoordelijke installateur als het comfort slecht is of het hoge verbruik blijft aanhouden.,connects cooler air to heat pump response in plain language; avoids fault certainty; asks simple context question; redirects persistent comfort/system issue,step-by-step WTW configuration; certainty of malfunction; repair instructions; blame,real-life use-case inspired
NEW_008,My solar production dropped this week. Is that normal?,Mijn zonne-opwek is deze week gedaald. Is dat normaal?,Solar production is [X]% lower than the previous week; local weather data shows several cloudy or rainy days.,"This week's drop fits the cloudy and rainy weather in the context. Solar panels make less electricity on dark days, so one low week is usually not a problem. Check the next bright day: production should clearly rise again. If it stays low on several sunny days, contact your housing provider.","De daling van deze week past bij het bewolkte en regenachtige weer in de context. Zonnepanelen maken minder stroom op donkere dagen, dus één lage week is meestal geen probleem. Kijk op de eerstvolgende heldere dag: de opwek zou dan duidelijk moeten stijgen. Blijft de opwek op meerdere zonnige dagen laag, neem dan contact op met uw woningcorporatie.",explains lower solar production through cloudy weather; avoids overanalysing one week; suggests checking next sunny day; redirects persistent low sunny-day production,claiming panels are broken; repair instructions; compensation advice; exact yield guarantee,real-life use-case inspired
NEW_009,Why do I still use grid electricity on a sunny day?,Waarom gebruik ik nog steeds netstroom op een zonnige dag?,"Solar production is high around noon, but grid import appears in the evening between 18:00–22:00.","The sunny hours and the hours you use electricity do not fully match. Your panels can make extra power around noon, while the home still needs grid electricity in the evening when the sun is low or gone. Do you use many appliances after dinner? Tip: move flexible use, such as the dishwasher or washing machine, to sunny hours when possible.","De zonnige uren en de uren waarop u stroom gebruikt vallen niet helemaal samen. Uw panelen kunnen rond de middag extra stroom maken, terwijl de woning 's avonds nog netstroom nodig heeft als de zon laag staat of weg is. Gebruikt u veel apparaten na het avondeten? Tip: verplaats flexibel gebruik, zoals vaatwasser of wasmachine, waar mogelijk naar zonnige uren.",explains timing mismatch simply; mentions evening import; asks simple routine question; includes sunny-hours tip,claiming app is wrong; tariff advice; battery investment advice; exact savings claim,thesis inspired
NEW_010,Would running my dishwasher during the day help me use more of my own solar power?,Helpt het om mijn vaatwasser overdag te laten draaien zodat ik meer eigen zonnestroom gebruik?,Solar production is usually highest between 11:00–15:00; dishwasher use is currently mostly after 20:00.,"Yes, this can help when the dishwasher can run safely during sunny hours. The app pattern shows your solar power is highest around midday, while the dishwasher is now mostly used in the evening. Tip: try the timer once during a sunny period, when someone can use it safely according to the appliance instructions.","Ja, dit kan helpen als de vaatwasser veilig kan draaien tijdens zonnige uren. Het patroon laat zien dat uw zonne-opwek rond de middag het hoogst is, terwijl de vaatwasser nu vooral in de avond wordt gebruikt. Tip: probeer de timer één keer tijdens een zonnige periode, zolang dit veilig kan volgens de instructies van het apparaat.",mentions direct solar self-consumption; presents observed timing pattern; gives safe appliance timer tip; avoids guaranteed savings,guaranteed savings; unsafe appliance advice; tariff-specific recommendation; investment advice,Tante Tip inspired
NEW_011,Why does my heat pump use short bursts of electricity on cold mornings?,Waarom gebruikt mijn warmtepomp korte stroompieken op koude ochtenden?,Outdoor temperature is below 3°C; heat pump graph shows several short bursts between 05:00–09:00.,"Cold mornings can make the heat pump work harder for short moments to keep the home warm or make hot water. If the home stays comfortable and the pattern is not much higher than usual, this is often not urgent. Tip: keep the thermostat steady and avoid large temperature changes. If comfort drops or the peaks suddenly become much higher, contact your housing provider.","Koude ochtenden kunnen ervoor zorgen dat de warmtepomp korte momenten harder werkt om de woning warm te houden of warm water te maken. Als de woning comfortabel blijft en het patroon niet veel hoger is dan normaal, is dit vaak niet dringend. Tip: houd de thermostaat stabiel en voorkom grote temperatuurschommelingen. Neem contact op met uw woningcorporatie als het comfort slechter wordt of de pieken plots veel hoger worden.",links cold mornings to heat pump work; avoids technical mode explanation; includes steady thermostat tip; redirects comfort/persistent issue to housing provider,installer-level diagnosis; defrost repair instructions; certainty nothing is wrong; exact technical cause,AI-assisted synthetic edge case
NEW_012,Why does the hot water graph jump after showers?,Waarom springt de warmwatergrafiek omhoog na het douchen?,Hot-water energy rises sharply after periods of high water use in the morning and evening.,"A jump after showering is expected because the system needs energy to make or refill hot water. Longer showers, baths, or several showers close together make the jump bigger. Tip: a slightly shorter shower is one of the easiest ways to lower hot-water use.","Een stijging na het douchen is te verwachten, omdat het systeem energie nodig heeft om warm water te maken of aan te vullen. Langere douches, baden of meerdere douches kort na elkaar maken de stijging groter. Tip: iets korter douchen is een van de makkelijkste manieren om warmwaterverbruik te verlagen.",explains hot-water increase after showering; links duration/frequency to graph size; gives one simple saving tip,personal judgment about hygiene; medical advice; exact cost guarantee; intrusive household assumptions,real-life use-case inspired
NEW_013,Why is my hot water use much higher on weekends?,Waarom is mijn warmwaterverbruik in het weekend veel hoger?,Hot-water use is about [X]% higher on Saturdays and Sundays than on weekdays; no data gap is present.,"I see that hot-water use is higher on Saturdays and Sundays. That often happens when more showers, cleaning, or baths happen on those days. Does that fit your weekend routine? Tip: spreading long hot-water use or taking slightly shorter showers can lower the peak.","Ik zie dat het warmwaterverbruik op zaterdag en zondag hoger is. Dat gebeurt vaak als er op die dagen meer wordt gedoucht, schoongemaakt of gebadderd. Past dat bij uw weekendroutine? Tip: lang warmwatergebruik spreiden of iets korter douchen kan de piek verlagen.",presents weekend pattern; gives simple possible activities; asks routine reflection; includes hot-water saving tip,sensitive personal assumptions; certainty about baths/showers; blame; billing advice,AI-assisted synthetic edge case
NEW_014,Why does the ventilation use more electricity after cooking or showering?,Waarom gebruikt de ventilatie meer stroom na koken of douchen?,Ventilation electricity increases for 30–90 minutes after humidity-producing periods; no data gap is present.,"Ventilation can run harder after cooking or showering because there is more moisture in the air. That extra running helps remove moist air, and a drier home is usually easier to heat. Tip: cook with a lid on the pan and dry the bathroom walls after showering to reduce moisture.","Ventilatie kan harder draaien na koken of douchen, omdat er dan meer vocht in de lucht zit. Dat extra draaien helpt om vochtige lucht af te voeren, en een droger huis warmt meestal makkelijker op. Tip: kook met een deksel op de pan en maak na het douchen de badkamerwanden droog om vocht te verminderen.",explains ventilation response to moisture; connects dry home to easier heating; includes lid/bathroom drying tip,advising disabling ventilation; medical claims; repair instructions; certainty of sensor fault,Tante Tip inspired
NEW_015,Should I open the windows a lot if I already have balanced ventilation?,Moet ik de ramen veel openzetten als ik al balansventilatie heb?,Balanced ventilation/WTW electricity is steady; heating use increases during periods when windows are reported open for long periods in cold weather.,"Balanced ventilation already refreshes the air in the home. In cold weather, leaving windows open for a long time can make the heating work harder. Short airing is different from leaving windows open for hours. Tip: air briefly when needed, but avoid long window opening while the heating is on.","Balansventilatie ververst de lucht in de woning al. Bij koud weer kunnen ramen die lang openstaan ervoor zorgen dat de verwarming harder moet werken. Kort luchten is iets anders dan ramen urenlang open laten. Tip: lucht kort als dat nodig is, maar laat ramen niet lang openstaan terwijl de verwarming aan staat.",explains balanced ventilation in simple terms; links long window opening to heating use; distinguishes brief airing from long opening; gives practical tip,telling user never to open windows; medical advice; blame; exact cost guarantee,Tante Tip inspired
NEW_016,Why is my electricity use higher during hot afternoons?,Waarom is mijn stroomverbruik hoger op hete middagen?,"Electricity use rises on days above [X]°C, especially between 14:00–18:00; cooling or ventilation-related consumption is also visible.","The higher use appears mainly on hot afternoons. That can fit fans, cooling, ventilation, or appliances such as a fridge working harder in warm weather. Does this happen when the home feels warmest? Tip: keep sun out during the day and ventilate when it is cooler outside, such as early morning or evening.","Het hogere verbruik is vooral zichtbaar op hete middagen. Dat kan passen bij ventilatoren, koeling, ventilatie of apparaten zoals een koelkast die bij warmte harder werken. Gebeurt dit vooral wanneer de woning het warmst aanvoelt? Tip: houd overdag de zon buiten en ventileer wanneer het buiten koeler is, bijvoorbeeld vroeg in de ochtend of in de avond.",presents hot-afternoon pattern; gives simple possible causes; asks comfort/timing reflection; includes cooling tip,air-conditioning repair instructions; exact device diagnosis; investment advice; health claims,Tante Tip inspired
NEW_017,Why is my grid import high even though my heat pump used less this week?,Waarom is mijn netafname hoog terwijl mijn warmtepomp deze week minder verbruikte?,"Heat pump use decreased by [X] kWh, but solar production also decreased by [Y] kWh during the same week.","Grid electricity depends on both how much the home uses and how much solar power it makes. This week, the heat pump used less, but solar production also dropped. That can still lead to more electricity from the grid. Tip: when the sun does shine, use flexible appliances during those hours if possible.","Netstroom hangt af van hoeveel de woning verbruikt én hoeveel zonnestroom er wordt opgewekt. Deze week gebruikte de warmtepomp minder, maar de zonne-opwek daalde ook. Daardoor kan er toch meer stroom van het net nodig zijn. Tip: gebruik flexibele apparaten waar mogelijk op de momenten dat de zon wel schijnt.",explains grid import as use minus local production; presents pattern without asking user to compare; includes solar-use tip,claiming contradiction means data error; tariff advice; exact bill conclusion; blaming user,thesis inspired
NEW_018,My standby use suddenly went up. How should I read that?,Mijn sluipverbruik is plotseling gestegen. Hoe moet ik dat lezen?,Night-time baseline increased from about [X] W to [Y] W starting around [date]; no large peaks are present.,"The always-on use went up around [date]. That means something may now be using electricity for many hours, even without a big peak. Did you add a device, change a setting, or leave something on around that time? Tip: unplug chargers and standby devices you do not need, but keep essential systems on.","Het verbruik dat steeds doorloopt is rond [date] gestegen. Dat betekent dat iets nu mogelijk veel uren stroom gebruikt, ook zonder grote piek. Heeft u rond die tijd een apparaat toegevoegd, een instelling veranderd of iets aan laten staan? Tip: haal laders en stand-by apparaten die u niet nodig heeft uit het stopcontact, maar laat belangrijke systemen aan.",presents start date of always-on increase; explains no exact device identification; asks simple home-change question; includes safe standby tip,naming a specific device without evidence; invasive household monitoring; unsafe electrical advice; alarmist wording,real-life use-case inspired
NEW_019,Why does my fridge or freezer seem to create small repeating peaks?,Waarom lijkt mijn koelkast of vriezer kleine terugkerende pieken te geven?,Total household electricity shows small regular peaks throughout the day and night; no device-level measurement is available.,"Small repeating peaks can be normal for devices that switch on and off by themselves, such as a fridge, freezer, or pump. If the pattern stays about the same, it is usually less worrying than a sudden large rise. Tip: keep fridge and freezer doors closed as much as possible and avoid setting them colder than needed.","Kleine terugkerende pieken kunnen normaal zijn bij apparaten die vanzelf aan en uit gaan, zoals een koelkast, vriezer of pomp. Als het patroon ongeveer hetzelfde blijft, is dat meestal minder zorgelijk dan een plots grote stijging. Tip: houd koelkast- en vriezerdeuren zo veel mogelijk dicht en zet ze niet kouder dan nodig.",explains small regular cycling simply; avoids exact appliance certainty; distinguishes stable pattern from sudden rise; includes fridge/freezer saving tip,definitive appliance diagnosis; repair instructions; food safety advice; alarmist wording,AI-assisted synthetic edge case
NEW_020,Is my car charging the reason for the evening electricity peaks?,Komt mijn avondpiek door het opladen van mijn auto?,Evening electricity peaks occur between 19:00–23:00 and are much larger than normal appliance peaks; no device-level charger data is available.,"The evening peaks are large enough to fit a high-power device such as car charging, but the household graph alone cannot prove it. Were you charging the car between 19:00 and 23:00 on those days? Tip: if your setup allows it safely, charging during sunny hours can help use more of your own solar power.","De avondpieken zijn groot genoeg om te passen bij een apparaat met veel vermogen, zoals het opladen van een auto, maar de woninggrafiek alleen bewijst dat niet. Laadde u de auto op die dagen tussen 19:00 en 23:00 op? Tip: als uw installatie dit veilig toelaat, kan laden tijdens zonnige uren helpen om meer eigen zonnestroom te gebruiken.",mentions EV charging as possible not certain; asks simple yes/no reflection; includes safe solar-hours tip,definitive charger diagnosis; tariff advice; charging installation instructions; investment advice,AI-assisted synthetic edge case
NEW_021,The app has not updated since yesterday. Can I still trust the energy graph?,De app is sinds gisteren niet bijgewerkt. Kan ik de energiegrafiek nog vertrouwen?,"Last data timestamp is [date/time]; no new electricity, solar, or heat pump readings have arrived for [X] hours.","The graph is still useful up to the last update time, but it is not a live view after that. A gap usually means the monitoring data has not reached the app; it does not automatically mean your heat pump or solar panels stopped. First try a simple gateway reset if your housing provider has told you this is allowed: switch the gateway off, wait about 30 seconds, and switch it on again. If the data still does not return, contact your housing provider.","De grafiek is nog bruikbaar tot het laatste update-moment, maar daarna is het geen live weergave meer. Een gat betekent meestal dat de monitoringdata de app niet bereikt; het betekent niet automatisch dat uw warmtepomp of zonnepanelen zijn gestopt. Probeer eerst een eenvoudige gateway-reset als uw woningcorporatie heeft aangegeven dat dit mag: zet de gateway uit, wacht ongeveer 30 seconden en zet hem weer aan. Komt de data daarna niet terug, neem dan contact op met uw woningcorporatie.",distinguishes old data from live data; explains gap does not automatically mean system failure; suggests simple allowed gateway reset; redirects unresolved issue to housing provider,router troubleshooting; security breach speculation; repair instructions; claiming energy systems failed; directing user to BeNext support,thesis inspired
NEW_022,Why can I see solar production but not my grid consumption?,Waarom zie ik wel zonne-opwek maar geen netverbruik?,"Solar production readings are available for [date range], but grid import/export readings are missing for the same period.","This means one part of the data is coming through and another part is missing. Solar and grid use can be measured through different meters, so one graph may update while the other does not. The solar graph may still be useful, but the missing grid data should be reported if it continues. Contact your housing provider so they can arrange the right check.","Dit betekent dat één deel van de data wel binnenkomt en een ander deel ontbreekt. Zonne-opwek en netverbruik kunnen via verschillende meters worden gemeten, waardoor de ene grafiek wel bijwerkt en de andere niet. De zonnegrafiek kan nog bruikbaar zijn, maar de ontbrekende netdata moet worden gemeld als dit blijft gebeuren. Neem contact op met uw woningcorporatie zodat zij de juiste controle kunnen regelen.",explains partial data availability in simple terms; states one graph can work while another is missing; redirects persistent missing data to housing provider,meter repair steps; claiming supplier fault; account/login help; exact technical diagnosis,thesis inspired
NEW_023,I am above the EPV bundle this month. Does that mean the whole year is bad?,Ik zit deze maand boven de EPV-bundel. Betekent dat dat het hele jaar slecht is?,Monthly household use is above the displayed EPV bundle by [X] kWh; previous months were below the displayed bundle.,"No, one month above the bundle does not mean the whole year is bad. Energy use changes with weather, seasons, visitors, holidays, and daily routines. The yearly pattern matters more than one single month. For questions about money, compensation, or your agreement, contact your housing provider.","Nee, één maand boven de bundel betekent niet dat het hele jaar slecht is. Energieverbruik verandert door weer, seizoenen, bezoek, vakantie en dagelijkse routines. Het jaarpatroon is belangrijker dan één losse maand. Neem voor vragen over geld, compensatie of uw overeenkomst contact op met uw woningcorporatie.",explains one month does not define full year; mentions everyday reasons for variation; redirects EPV money/agreement questions to housing provider,definitive EPV legal conclusion; compensation advice; exact penalty claim; alarmist wording,thesis inspired
NEW_024,What does 'building-related energy use' mean in the app?,Wat betekent 'gebouwgebonden energieverbruik' in de app?,"EPV overview separates household use, building-related use, heating, hot water, and solar production.","Building-related energy use is energy for systems that help the home itself work, such as heating, ventilation, and sometimes hot water, depending on how your home is measured. It is separate from household use, such as cooking, washing, charging, and standby devices. If this number suddenly rises, ask yourself: was it colder, was more hot water used, or was ventilation running more often?","Gebouwgebonden energieverbruik is energie voor systemen die de woning zelf laten werken, zoals verwarming, ventilatie en soms warm water, afhankelijk van hoe uw woning wordt gemeten. Het staat los van huishoudelijk gebruik, zoals koken, wassen, opladen en stand-by apparaten. Stijgt dit getal plotseling, vraag dan: was het kouder, is er meer warm water gebruikt of draaide de ventilatie vaker?",explains building-related use in plain language; separates from household appliance use; gives simple reflection questions,legal EPV definition beyond context; exact contractual interpretation; installer settings; compensation advice,thesis inspired
NEW_025,My household use is above the bundle but heating looks fine. How can that happen?,"Mijn huishoudelijk verbruik zit boven de bundel, maar verwarming lijkt goed. Hoe kan dat?",Household-use category is above the monthly bundle; heating and building-related categories are within their displayed ranges.,"Heating and household electricity are separate categories. Heating can look normal while appliances, cooking, washing, charging, or standby use are higher than usual. Does the high use happen in the evening or does it continue all night? Tip: run full washing/dishwasher loads and switch off standby devices you do not need.","Verwarming en huishoudelijke stroom zijn aparte categorieën. De verwarming kan normaal lijken terwijl apparaten, koken, wassen, opladen of sluipverbruik hoger zijn dan normaal. Gebeurt het hoge verbruik vooral in de avond of loopt het de hele nacht door? Tip: draai volle was- en vaatwasbeurten en zet stand-by apparaten uit die u niet nodig heeft.",distinguishes heating from household electricity; gives simple examples; asks timing reflection; includes appliance/standby saving tip,mixing heating and household categories; exact appliance diagnosis; blaming resident; legal/billing conclusions,AI-assisted synthetic edge case
NEW_026,"My solar production is above expected, so why is my household electricity still high?","Mijn zonne-opwek is hoger dan verwacht, dus waarom is mijn huishoudelijk stroomverbruik nog steeds hoog?",Solar production exceeds the monthly expected value; household electricity use also exceeds the monthly bundle.,Solar production and household electricity use are shown separately. You can produce a lot around midday and still use a lot in the evening or at night. Does your high use happen outside the sunny hours? Tip: use flexible appliances during sunny hours when possible.,Zonne-opwek en huishoudelijk stroomverbruik worden apart getoond. U kunt rond de middag veel opwekken en toch in de avond of nacht veel gebruiken. Gebeurt het hoge verbruik buiten de zonnige uren? Tip: gebruik flexibele apparaten waar mogelijk tijdens zonnige uren.,explains production and use are separate; mentions timing mismatch; asks simple sunny-hours reflection; includes self-consumption tip,claiming solar cancels household use; bill guarantee; tariff advice; battery investment advice,thesis inspired
NEW_027,The heat pump turns on and off many times. Is that bad?,De warmtepomp gaat vaak aan en uit. Is dat slecht?,Heat pump graph shows repeated short cycles during [date range]; indoor temperature remains close to the chosen temperature.,"Small on-and-off moments can happen when the heat pump is keeping the home at the chosen temperature. If the home stays comfortable and this pattern is not new, it is usually not urgent. Do not change technical settings yourself. Contact your housing provider if the pattern suddenly changes, the unit makes unusual noise, or the home no longer feels comfortable.","Kleine aan-en-uitmomenten kunnen voorkomen wanneer de warmtepomp de woning op de gekozen temperatuur houdt. Als de woning comfortabel blijft en dit patroon niet nieuw is, is het meestal niet dringend. Verander zelf geen technische instellingen. Neem contact op met uw woningcorporatie als het patroon plots verandert, het apparaat ongewoon geluid maakt of de woning niet meer comfortabel voelt.",explains cycling in simple language; avoids mechanical diagnosis; advises not changing technical settings; redirects concerning changes to housing provider,mechanical diagnosis; step-by-step parameter changes; warranty advice; certainty without system data,AI-assisted synthetic edge case
NEW_028,Why did my heat pump use less energy this week?,Waarom verbruikte mijn warmtepomp deze week minder energie?,Heat pump electricity is [X]% lower than last week; average outdoor temperature is [Y]°C higher.,"This week was warmer, so the heat pump needed less energy to keep the home comfortable. That is a normal pattern: less cold outside usually means less heating work inside. Tip: keep the thermostat steady and avoid leaving windows open for a long time while the heating is on.","Deze week was het warmer, waardoor de warmtepomp minder energie nodig had om de woning comfortabel te houden. Dat is een normaal patroon: minder kou buiten betekent meestal minder werk voor de verwarming binnen. Tip: houd de thermostaat stabiel en laat ramen niet lang openstaan terwijl de verwarming aan staat.",links lower heat pump use to warmer weather; uses simple normal-pattern explanation; includes steady thermostat/window tip,certainty of one cause; exact savings claim; billing advice; ignoring hot water/routines,thesis inspired
NEW_029,"I was away for a week, so why did the home still use electricity?","Ik was een week weg, waarom gebruikte de woning dan nog steeds stroom?","During reported absence, electricity use dropped but did not reach zero; night-time baseline remained around [X] W.","It is normal that the home still uses some electricity while you are away. Things like the fridge/freezer, ventilation, modem, monitoring equipment, and standby devices can keep running. The useful sign is that use dropped compared with a normal week. Tip: before leaving, unplug chargers and devices you do not need, but do not turn off essential systems.","Het is normaal dat de woning nog wat stroom gebruikt terwijl u weg bent. Koelkast/vriezer, ventilatie, modem, monitoringapparatuur en stand-by apparaten kunnen blijven draaien. Het nuttige signaal is dat het verbruik lager is dan in een normale week. Tip: haal voor vertrek laders en apparaten uit het stopcontact die u niet nodig heeft, maar zet belangrijke systemen niet uit.",explains nonzero use during absence; gives common always-on examples; presents drop as useful pattern; includes safe unplugging tip,claiming theft or security breach; exact device identification; router troubleshooting; alarmist wording,AI-assisted synthetic edge case
NEW_030,Should I turn off my WTW or balanced ventilation to save electricity?,Moet ik mijn WTW of balansventilatie uitzetten om stroom te besparen?,No specific app data; resident asks a general energy-saving question about ventilation.,"No, do not switch balanced ventilation off during normal use. It is meant to refresh the air continuously, and a dry, well-ventilated home is easier to heat. If your system has manual settings, use the normal setting for daily use and a higher setting while cooking or showering. Follow your housing provider's instructions for your specific system.","Nee, zet balansventilatie bij normaal gebruik niet uit. Het systeem is bedoeld om continu lucht te verversen, en een droge, goed geventileerde woning warmt makkelijker op. Heeft uw systeem handmatige standen, gebruik dan de normale stand voor dagelijks gebruik en een hogere stand tijdens koken of douchen. Volg voor uw eigen systeem de instructies van uw woningcorporatie.",answers general ventilation question; says not to switch off balanced ventilation; links ventilation to dry/easier-to-heat home; gives simple setting guidance and housing-provider redirect,advising switch-off; medical claims; repair steps; exact technical specification,Tante Tip inspired
NEW_031,How can I keep my home less damp without using extra heat?,Hoe houd ik mijn woning minder vochtig zonder extra te stoken?,No specific app data; resident asks a general energy-saving question about moisture and ventilation.,"Moist air can make a home feel colder and harder to heat. You can reduce moisture by cooking with a lid on the pan, ventilating after showering or cooking, drying bathroom walls, and drying laundry outside or in a well-ventilated space when possible. A drier home often warms up more easily. Keep ventilation on rather than blocking vents.","Vochtige lucht kan een woning kouder laten aanvoelen en moeilijker te verwarmen maken. U kunt vocht verminderen door met een deksel op de pan te koken, na douchen of koken te ventileren, badkamerwanden droog te maken en was waar mogelijk buiten of in een goed geventileerde ruimte te drogen. Een drogere woning warmt vaak makkelijker op. Laat ventilatie aan en blokkeer roosters niet.",answers general moisture question; gives simple practical tips; links dry air to easier heating; avoids medical claims,medical diagnosis; telling user to block ventilation; blame; exact cost guarantee,Tante Tip inspired
NEW_032,Why does my solar graph have a flat top around noon?,Waarom heeft mijn zonne-opwek rond de middag een vlakke bovenkant?,"On sunny days, solar production rises in the morning, stays flat near [X] W around noon, then falls in the afternoon.","The graph shows that solar production reaches about the same highest level around noon. On clear sunny days, that can simply mean the system is producing at its normal maximum. If production is otherwise good, this is usually not a problem. If the flat top is new and production is much lower than usual on sunny days, contact your housing provider.","De grafiek laat zien dat de zonne-opwek rond de middag ongeveer hetzelfde hoogste niveau bereikt. Op heldere zonnige dagen kan dat gewoon betekenen dat het systeem op zijn normale maximum produceert. Als de opwek verder goed is, is dit meestal geen probleem. Is dit nieuw en is de opwek op zonnige dagen veel lager dan normaal, neem dan contact op met uw woningcorporatie.",explains flat top without technical terms; normalizes clear-day maximum; redirects only if new and low production; avoids inverter detail,inverter repair instructions; telling user to change limiter; exact fault diagnosis; compensation advice,AI-assisted synthetic edge case
NEW_033,Why are some bars in the electricity graph below zero?,Waarom staan sommige balkjes in de stroomgrafiek onder nul?,Electricity graph shows positive bars for grid import and negative bars during periods of solar export.,Bars below zero usually mean electricity is going out of the home to the grid. This often happens when your solar panels make more electricity than the home is using at that moment. Does it happen during sunny hours? Tip: use flexible appliances during those sunny moments to use more of your own solar power.,Balkjes onder nul betekenen meestal dat er stroom vanuit de woning naar het net gaat. Dit gebeurt vaak wanneer uw zonnepanelen op dat moment meer stroom maken dan de woning gebruikt. Gebeurt dit vooral tijdens zonnige uren? Tip: gebruik flexibele apparaten op die zonnige momenten om meer eigen zonnestroom te gebruiken.,explains negative bars as export in simple terms; links to solar surplus; asks sunny-hours reflection; includes self-consumption tip,claiming app error; tariff advice; technical meter repair; exact billing conclusion,thesis inspired
NEW_034,How can I keep my home cool without using much electricity?,Hoe houd ik mijn woning koel zonder veel stroom te gebruiken?,No specific app data; resident asks a general summer energy-saving question.,"Try to keep the heat out before the home warms up. Close curtains or blinds on the sunny side during the day, keep windows closed when it is hotter outside than inside, and ventilate in the cooler morning or evening. A fan usually uses less electricity than active cooling. These steps can reduce the need for extra cooling energy.","Probeer warmte buiten te houden voordat de woning opwarmt. Sluit overdag gordijnen of zonwering aan de zonnige kant, houd ramen dicht als het buiten warmer is dan binnen, en ventileer in de koelere ochtend of avond. Een ventilator gebruikt meestal minder stroom dan actieve koeling. Deze stappen kunnen de behoefte aan extra koeling verminderen.",answers general cooling question; gives simple low-energy cooling tips; avoids installation or health claims,air-conditioning purchase advice; medical advice; guarantee of comfort or savings; installer instructions,Tante Tip inspired
